{
  "formatVersion": 1,
  "database": {
    "version": 1,
    "identityHash": "e72eaf354218fb3f308caa981344af04",
    "entities": [
      {
        "tableName": "usuarios",
        "createSql": "CREATE TABLE IF NOT EXISTS `${TABLE_NAME}` (`nombreUsuario` TEXT NOT NULL, `claveUsuario` TEXT, `correo` TEXT, `nombrePila` TEXT, `apellidos` TEXT, `pregSeguridad` TEXT, `respSeguridad` TEXT, `telefono` TEXT, `edad` INTEGER NOT NULL, `nivel` INTEGER NOT NULL, `experiencia` INTEGER NOT NULL, PRIMARY KEY(`nombreUsuario`))",
        "fields": [
          {
            "fieldPath": "nombreUsuario",
            "columnName": "nombreUsuario",
            "affinity": "TEXT",
            "notNull": true
          },
          {
            "fieldPath": "claveUsuario",
            "columnName": "claveUsuario",
            "affinity": "TEXT",
            "notNull": false
          },
          {
            "fieldPath": "correo",
            "columnName": "correo",
            "affinity": "TEXT",
            "notNull": false
          },
          {
            "fieldPath": "nombrePila",
            "columnName": "nombrePila",
            "affinity": "TEXT",
            "notNull": false
          },
          {
            "fieldPath": "apellidos",
            "columnName": "apellidos",
            "affinity": "TEXT",
            "notNull": false
          },
          {
            "fieldPath": "pregSeguridad",
            "columnName": "pregSeguridad",
            "affinity": "TEXT",
            "notNull": false
          },
          {
            "fieldPath": "respSeguridad",
            "columnName": "respSeguridad",
            "affinity": "TEXT",
            "notNull": false
          },
          {
            "fieldPath": "telefono",
            "columnName": "telefono",
            "affinity": "TEXT",
            "notNull": false
          },
          {
            "fieldPath": "edad",
            "columnName": "edad",
            "affinity": "INTEGER",
            "notNull": true
          },
          {
            "fieldPath": "nivel",
            "columnName": "nivel",
            "affinity": "INTEGER",
            "notNull": true
          },
          {
            "fieldPath": "experiencia",
            "columnName": "experiencia",
            "affinity": "INTEGER",
            "notNull": true
          }
        ],
        "primaryKey": {
          "columnNames": [
            "nombreUsuario"
          ],
          "autoGenerate": false
        },
        "indices": [
          {
            "name": "index_usuarios_correo",
            "unique": true,
            "columnNames": [
              "correo"
            ],
            "createSql": "CREATE UNIQUE INDEX IF NOT EXISTS `index_usuarios_correo` ON `${TABLE_NAME}` (`correo`)"
          }
        ],
        "foreignKeys": []
      },
      {
        "tableName": "planes",
        "createSql": "CREATE TABLE IF NOT EXISTS `${TABLE_NAME}` (`id` INTEGER PRIMARY KEY AUTOINCREMENT NOT NULL, `shortName` TEXT, `description` TEXT, `experiencePoints` REAL NOT NULL, `expectedHours` REAL NOT NULL, `rating` REAL NOT NULL)",
        "fields": [
          {
            "fieldPath": "id",
            "columnName": "id",
            "affinity": "INTEGER",
            "notNull": true
          },
          {
            "fieldPath": "shortName",
            "columnName": "shortName",
            "affinity": "TEXT",
            "notNull": false
          },
          {
            "fieldPath": "description",
            "columnName": "description",
            "affinity": "TEXT",
            "notNull": false
          },
          {
            "fieldPath": "experiencePoints",
            "columnName": "experiencePoints",
            "affinity": "REAL",
            "notNull": true
          },
          {
            "fieldPath": "expectedHours",
            "columnName": "expectedHours",
            "affinity": "REAL",
            "notNull": true
          },
          {
            "fieldPath": "rating",
            "columnName": "rating",
            "affinity": "REAL",
            "notNull": true
          }
        ],
        "primaryKey": {
          "columnNames": [
            "id"
          ],
          "autoGenerate": true
        },
        "indices": [
          {
            "name": "index_planes_id",
            "unique": true,
            "columnNames": [
              "id"
            ],
            "createSql": "CREATE UNIQUE INDEX IF NOT EXISTS `index_planes_id` ON `${TABLE_NAME}` (`id`)"
          }
        ],
        "foreignKeys": []
      },
      {
        "tableName": "planes_usuario",
        "createSql": "CREATE TABLE IF NOT EXISTS `${TABLE_NAME}` (`planId` INTEGER NOT NULL, `userId` TEXT NOT NULL, `date` INTEGER NOT NULL, PRIMARY KEY(`planId`, `userId`, `date`))",
        "fields": [
          {
            "fieldPath": "planId",
            "columnName": "planId",
            "affinity": "INTEGER",
            "notNull": true
          },
          {
            "fieldPath": "userId",
            "columnName": "userId",
            "affinity": "TEXT",
            "notNull": true
          },
          {
            "fieldPath": "date",
            "columnName": "date",
            "affinity": "INTEGER",
            "notNull": true
          }
        ],
        "primaryKey": {
          "columnNames": [
            "planId",
            "userId",
            "date"
          ],
          "autoGenerate": false
        },
        "indices": [
          {
            "name": "index_planes_usuario_planId_userId_date",
            "unique": true,
            "columnNames": [
              "planId",
              "userId",
              "date"
            ],
            "createSql": "CREATE UNIQUE INDEX IF NOT EXISTS `index_planes_usuario_planId_userId_date` ON `${TABLE_NAME}` (`planId`, `userId`, `date`)"
          }
        ],
        "foreignKeys": []
      }
    ],
    "views": [],
    "setupQueries": [
      "CREATE TABLE IF NOT EXISTS room_master_table (id INTEGER PRIMARY KEY,identity_hash TEXT)",
      "INSERT OR REPLACE INTO room_master_table (id,identity_hash) VALUES(42, 'e72eaf354218fb3f308caa981344af04')"
    ]
  }
}